Dateiname,LandsbergerArchives Signatur,Datum (ISO 8601),Datum (de),Absender,Absender GND ID,Absender Wikidata ID,Empfänger,Empfänger GND ID,Empfänger Wikidata ID,Aufenthaltsort Absender,Aufenthaltsort Absender Wikidata ID,Aufenthaltsort Empfänger,Aufenthaltsort Empfänger Wikidata ID,Sprache,Sprache ID,Schriftart,verwahrt von,Anzahl Seiten,Anzahl Wörter,Häufigste Wörter
1929-06-06_Landsberger_ThureauDangin,j1,1929-06-06,06.06.1929,Benno Landsberger,https://d-nb.info/gnd/116681888,http://www.wikidata.org/entity/Q67592,François Thureau-Dangin,https://d-nb.info/gnd/118802194,http://www.wikidata.org/entity/Q1352388,Marburg,https://www.wikidata.org/wiki/Q3869,,,deutsch,de,Schreibmaschine (Durchschlagpapier),Institut für Archäologie der Hebrew University Jerusalem,3,557,"Stellen (4),Personennamen (4),Liste (4),KA (4),Lautwert (3)"
1929-07-10_Mueller_Landsberger,l26,1929-07-10,07.10.1929,Karl Friedrich Müller,,,Benno Landsberger,https://d-nb.info/gnd/116681888,http://www.wikidata.org/entity/Q67592,Leipzig,https://www.wikidata.org/wiki/Q2079,,,deutsch,de,Schreibmaschine mit handschriftlichen Korrekturen/Ergänzungen/Kommentaren,"Altorientalisches Institut, Universität Leipzig",3,413,"König (9),Assur (4),Text (4),Assurs (4),Göttern (3)"
1929-12-09_Hartmann_Landsberger,l6,1929-12-09,09.12.1929,Richard Hartmann,https://d-nb.info/gnd/119489228,https://www.wikidata.org/wiki/Q1525652,Benno Landsberger,https://d-nb.info/gnd/116681888,http://www.wikidata.org/entity/Q67592,Heidelberg,https://www.wikidata.org/wiki/Q2966,,,deutsch,de,Handschrift,"Altorientalisches Institut, Universität Leipzig",2,348,"Keilschriftforschung (4),Assistentenstellen (3),Götze (2),Assistent (2),Frage (2)"
1930-01-03_Budde_Landsberger,l10,1930-01-03,03.01.1930,Karl Budde,https://d-nb.info/gnd/118667904,https://www.wikidata.org/wiki/Q88003,Benno Landsberger,https://d-nb.info/gnd/116681888,http://www.wikidata.org/entity/Q67592,Marburg,https://www.wikidata.org/wiki/Q3869,,,deutsch,de,Handschrift,"Altorientalisches Institut, Universität Leipzig",2,181,"Sabbat (2),Antwort (2),Vollmond (2),Namen (2)"
1931-03-11_ThureauDangin_Landsberger,l7,1931-03-11,11.03.1931,François Thureau-Dangin,https://d-nb.info/gnd/118802194,http://www.wikidata.org/entity/Q1352388,Benno Landsberger,https://d-nb.info/gnd/116681888,http://www.wikidata.org/entity/Q67592,Paris,https://www.wikidata.org/wiki/Q90,,,französisch,fr,Handschrift,"Altorientalisches Institut, Universität Leipzig",3,241,"traduction (3),école (2),appris (2),mort (2),question (2)"
1931-09-08_Kunstmann_Landsberger,l11,1931-09-08,08.09.1931,Joh. F. Kunstmann,,,Benno Landsberger,https://d-nb.info/gnd/116681888,http://www.wikidata.org/entity/Q67592,Porto Alegre,https://www.wikidata.org/wiki/Q40269,Leipzig,https://www.wikidata.org/wiki/Q2079,deutsch,de,Handschrift,"Altorientalisches Institut, Universität Leipzig",4,1038,"Arbeit (5),Prof (5),Juli (4),Milréis (4),Bremen (4)"
1931-09-21_Kunstmann_Landsberger,l12,1931-09-21,21.09.1931,Joh. F. Kunstmann,,,Benno Landsberger,https://d-nb.info/gnd/116681888,http://www.wikidata.org/entity/Q67592,Porto Alegre,https://www.wikidata.org/wiki/Q40269,Leipzig,https://www.wikidata.org/wiki/Q2079,deutsch,de,Handschrift,"Altorientalisches Institut, Universität Leipzig",2,400,"Brief (2),Phantasie (2),Sohn (2),sapsuptaka (2),Hebräisch (2)"
1931-11-24_Kunstmann_Landsberger,l13,1931-11-24,24.11.1931,Joh. F. Kunstmann,,,Benno Landsberger,https://d-nb.info/gnd/116681888,http://www.wikidata.org/entity/Q67592,Porto Alegre,https://www.wikidata.org/wiki/Q40269,Leipzig,https://www.wikidata.org/wiki/Q2079,deutsch,de,Handschrift,"Altorientalisches Institut, Universität Leipzig",2,546,"Arbeit (3),Moratorium (3),Hinrichs (2),Milréis (2),Mark (2)"
1932-03-22_Pedersen_Landsberger,l14,1932-03-22,22.03.1932,Johannes Pedersen,https://d-nb.info/gnd/116071966,https://www.wikidata.org/wiki/Q6039205,Benno Landsberger,https://d-nb.info/gnd/116681888,http://www.wikidata.org/entity/Q67592,Kopenhagen,https://www.wikidata.org/wiki/Q1748,,,deutsch,de,Handschrift,"Altorientalisches Institut, Universität Leipzig",3,358,"Zeit (3),denke (2),Leipzig (2),schöne (2),gefunden (2)"
1932-05-16_Kunstmann_Landsberger,l17,1932-05-16,16.05.1932,Walter G. Kunstmann,https://d-nb.info/gnd/125725353,,Benno Landsberger,https://d-nb.info/gnd/116681888,http://www.wikidata.org/entity/Q67592,Porto Alegre,https://www.wikidata.org/wiki/Q40269,,,deutsch,de,Handschrift,"Altorientalisches Institut, Universität Leipzig",1,289,"Inschrift (2),Vater (2),Wiedergaben (2),Phönizisch (2),scheinen (2)"
1932-06-30_Andrae_Landsberger,l18,1932-06-30,30.06.1932,Walter Andrae,https://d-nb.info/gnd/118835173,http://www.wikidata.org/entity/Q67392,Benno Landsberger,https://d-nb.info/gnd/116681888,http://www.wikidata.org/entity/Q67592,Berlin,https://www.wikidata.org/wiki/Q64,,,deutsch,de,Handschrift,"Altorientalisches Institut, Universität Leipzig",2,150,helfen (2)
1932-07-19_Holma_Landsberger,l19,1932-07-19,19.07.1932,Harri Holma,https://d-nb.info/gnd/116965428,http://www.wikidata.org/entity/Q5480518,Benno Landsberger,https://d-nb.info/gnd/116681888,http://www.wikidata.org/entity/Q67592,Paris,https://www.wikidata.org/wiki/Q90,,,deutsch,de,Handschrift,"Altorientalisches Institut, Universität Leipzig",3,172,
1933-03-08_Gadd_Landsberger,l72,1933-03-08,08.03.1933,Cyril John Gadd,https://d-nb.info/gnd/101111088,http://www.wikidata.org/entity/Q52150040,Benno Landsberger,https://d-nb.info/gnd/116681888,http://www.wikidata.org/entity/Q67592,London,https://www.wikidata.org/wiki/Q84,,,englisch,eng,Handschrift,"Altorientalisches Institut, Universität Leipzig",2,363,"Keilschrift (7),line (3),bi (3),tree (3),think (2)"
1933-04-17_Stummer_Landsberger,l83,1933-04-17,17.04.1933,Friedrich Stummer,https://d-nb.info/gnd/117363286,https://www.wikidata.org/wiki/Q1417449,Benno Landsberger,https://d-nb.info/gnd/116681888,http://www.wikidata.org/entity/Q67592,Würzburg,https://www.wikidata.org/wiki/Q2999,,,deutsch,de,Handschrift,"Altorientalisches Institut, Universität Leipzig",2,302,"Hehn (2),Schüler (2),widmen (2)"
1935-07-09_ThureauDangin_Landsberger,l69,1935-07-09,09.07.1935,François Thureau-Dangin,https://d-nb.info/gnd/118802194,http://www.wikidata.org/entity/Q1352388,Benno Landsberger,https://d-nb.info/gnd/116681888,http://www.wikidata.org/entity/Q67592,Paris,https://www.wikidata.org/wiki/Q90,,,französisch,fr,Handschrift,"Altorientalisches Institut, Universität Leipzig",1,101,enseignement (2)
1935-09-17_Landsberger_Mueller,l3,1935-09-17,17.09.1936,Benno Landsberger,https://d-nb.info/gnd/116681888,http://www.wikidata.org/entity/Q67592,Karl Friedrich Müller,,,Frydek,https://www.wikidata.org/wiki/Q9264038,,,deutsch,de,Handschrift,"Altorientalisches Institut, Universität Leipzig",1,116,senden (2)
1936-05-05_Landsberger_Mueller,l27,1936-05-05,05.05.1936,Benno Landsberger,https://d-nb.info/gnd/116681888,http://www.wikidata.org/entity/Q67592,Karl Friedrich Müller,,,Ankara,https://www.wikidata.org/wiki/Q3640,,,deutsch,de,Schreibmaschine mit handschriftlichen Korrekturen/Ergänzungen/Kommentaren,"Altorientalisches Institut, Universität Leipzig",2,449,"Briefe (3),England (3),bitte (2),Punkte (2),Schuster (2)"
1936-05-09_Mueller_Landsberger,l28,1936-05-09,09.05.1936,Karl Friedrich Müller,,,Benno Landsberger,https://d-nb.info/gnd/116681888,http://www.wikidata.org/entity/Q67592,Wiederitzsch ,https://www.wikidata.org/wiki/Q2568383,,,deutsch,de,Schreibmaschine (Durchschlagpapier),"Altorientalisches Institut, Universität Leipzig",2,539,"Arbeit (8),Schuster (5),Zeit (4),Mai (3),Prüfung (3)"
1936-07-10_Landsberger_Mueller,l2,1936-07-10,10.07.1936,Benno Landsberger,https://d-nb.info/gnd/116681888,http://www.wikidata.org/entity/Q67592,Karl Friedrich Müller,,,Frydek,https://www.wikidata.org/wiki/Q9264038,,,deutsch,de,Schreibmaschine (Original),"Altorientalisches Institut, Universität Leipzig",1,94,Nachricht (2)
1936-11-07_Landsberger_Mueller,l32,1936-11-07,07.11.1936,Benno Landsberger,https://d-nb.info/gnd/116681888,http://www.wikidata.org/entity/Q67592,Karl Friedrich Müller,,,Ankara,https://www.wikidata.org/wiki/Q3640,,,deutsch,de,Handschrift,"Altorientalisches Institut, Universität Leipzig",2,392,"Schuster (3),Wort (3),Telegramm (2),Subjekt (2),Sch (2)"
1936-11-09_Mueller_Landsberger,l30,1936-11-09,09.11.1936,Karl Friedrich Müller,,,Benno Landsberger,https://d-nb.info/gnd/116681888,http://www.wikidata.org/entity/Q67592,Wiederitzsch ,https://www.wikidata.org/wiki/Q2568383,,,deutsch,de,unklar,"Altorientalisches Institut, Universität Leipzig",,623,"Arbeit (5),hoffe (3),Texte (3),Formen (3),Form (3)"
1936-11-11_Mueller_Landsberger,l33,1936-11-11,11.11.1936,Karl Friedrich Müller,,,Benno Landsberger,https://d-nb.info/gnd/116681888,http://www.wikidata.org/entity/Q67592,Wiederitzsch ,https://www.wikidata.org/wiki/Q2568383,,,deutsch,de,Schreibmaschine (Durchschlagpapier),"Altorientalisches Institut, Universität Leipzig",5,1175,"Arbeit (7),Texte (6),Rituale (6),Frage (5),Brief (4)"
1936-11-27_Mueller_Landsberger,l31,1936-11-27,27.11.1936,Karl Friedrich Müller,,,Benno Landsberger,https://d-nb.info/gnd/116681888,http://www.wikidata.org/entity/Q67592,Wiederitzsch ,https://www.wikidata.org/wiki/Q2568383,,,deutsch,de,Schreibmaschine (Durchschlagpapier),"Altorientalisches Institut, Universität Leipzig",2,470,"Text (3),geschrieben (3),Schusters (2),Arbeit (2),genügend (2)"
1936-12-13_Landsberger_Mueller,l34,1936-12-13,13.12.1936,Benno Landsberger,https://d-nb.info/gnd/116681888,http://www.wikidata.org/entity/Q67592,Karl Friedrich Müller,,,Ankara,https://www.wikidata.org/wiki/Q3640,,,deutsch,de,Schreibmaschine mit handschriftlichen Korrekturen/Ergänzungen/Kommentaren,"Altorientalisches Institut, Universität Leipzig",1,376,"Schuster (3),bitte (3),Arbeit (2),Thompson (2),Grund (2)"
1936-12-17_Landsberger_Mueller,l34,1936-12-17,17.12.1936,Benno Landsberger,https://d-nb.info/gnd/116681888,http://www.wikidata.org/entity/Q67592,Karl Friedrich Müller,,,Ankara,https://www.wikidata.org/wiki/Q3640,,,deutsch,de,Schreibmaschine mit handschriftlichen Korrekturen/Ergänzungen/Kommentaren,"Altorientalisches Institut, Universität Leipzig",1,229,"Schuster (3),glaube (2),bitte (2),einzufügen (2),iš (2)"
1936-12-28_Landsberger_Mueller,l35,1936-12-28,28.12.1936,Benno Landsberger,https://d-nb.info/gnd/116681888,http://www.wikidata.org/entity/Q67592,Karl Friedrich Müller,,,Ankara,https://www.wikidata.org/wiki/Q3640,,,deutsch,de,Handschrift,"Altorientalisches Institut, Universität Leipzig",2,464,"Bitte (4),Kopie (3),Freude (2),Meinung (2),gleichfalls (2)"
1937-01-29_Mueller_Landsberger,l36,1937-01-29,29.01.1937,Karl Friedrich Müller,,,Benno Landsberger,https://d-nb.info/gnd/116681888,http://www.wikidata.org/entity/Q67592,Wiederitzsch ,https://www.wikidata.org/wiki/Q2568383,,,deutsch,de,Schreibmaschine (Durchschlagpapier),"Altorientalisches Institut, Universität Leipzig",3,709,"Text (8),Teil (7),Texte (5),Karte (4),Arbeit (4)"
1937-02-09_Landsberger_Mueller,l37,1937-02-09,09.02.1937,Benno Landsberger,https://d-nb.info/gnd/116681888,http://www.wikidata.org/entity/Q67592,Karl Friedrich Müller,,,Ankara,https://www.wikidata.org/wiki/Q3640,,,deutsch,de,Schreibmaschine,"Altorientalisches Institut, Universität Leipzig",2,340,"Sch (7),Arbeit (3),ea (3),Eile (2),Schuster (2)"
1937-03-01_Landsberger_Mueller,l38,1937-03-01,01.03.1937,Benno Landsberger,https://d-nb.info/gnd/116681888,http://www.wikidata.org/entity/Q67592,Karl Friedrich Müller,,,Ankara,https://www.wikidata.org/wiki/Q3640,,,deutsch,de,Schreibmaschine mit handschriftlichen Korrekturen/Ergänzungen/Kommentaren,"Altorientalisches Institut, Universität Leipzig",1,143,Kolumne (2)
1937-03-05_Mueller_Landsberger,l39,1937-03-05,05.03.1937,Karl Friedrich Müller,,,Benno Landsberger,https://d-nb.info/gnd/116681888,http://www.wikidata.org/entity/Q67592,Wiederitzsch ,https://www.wikidata.org/wiki/Q2568383,,,deutsch,de,Schreibmaschine (Durchschlagpapier),"Altorientalisches Institut, Universität Leipzig",4,925,"Schuster (7),Brief (4),Sache (4),Zeit (4),Textes (4)"
1937-03-24_Mueller_Landsberger,l40,1937-03-24,24.03.1937,Karl Friedrich Müller,,,Benno Landsberger,https://d-nb.info/gnd/116681888,http://www.wikidata.org/entity/Q67592,Wiederitzsch ,https://www.wikidata.org/wiki/Q2568383,,,deutsch,de,Schreibmaschine (Durchschlagpapier),"Altorientalisches Institut, Universität Leipzig",2,485,"Pohl (3),ra (3),Erfahrungen (3),nu (3),Freude (2)"
1937-03-29_Landsberger_Mueller,l41,1937-03-29,29.03.1937,Benno Landsberger,https://d-nb.info/gnd/116681888,http://www.wikidata.org/entity/Q67592,Karl Friedrich Müller,,,Ankara,https://www.wikidata.org/wiki/Q3640,,,deutsch,de,Schreibmaschine mit handschriftlichen Korrekturen/Ergänzungen/Kommentaren,"Altorientalisches Institut, Universität Leipzig",2,373,"bitte (4),Tafel (4),Fehler (3),ea (3),Schuster (2)"
1937-04-01_Landsberger_Mueller,l42,1937-04-01,01.04.1937,Benno Landsberger,https://d-nb.info/gnd/116681888,http://www.wikidata.org/entity/Q67592,Karl Friedrich Müller,,,Ankara,https://www.wikidata.org/wiki/Q3640,,,deutsch,de,Schreibmaschine mit handschriftlichen Korrekturen/Ergänzungen/Kommentaren,"Altorientalisches Institut, Universität Leipzig",1,224,"Pohl (6),Berichtigungen (3),Umständen (2),Fertigstellung (2),Exemplaren (2)"
1937-04-06_Landsberger_Mueller,l43,1937-04-06,06.04.1937,Benno Landsberger,https://d-nb.info/gnd/116681888,http://www.wikidata.org/entity/Q67592,Karl Friedrich Müller,,,Ankara,https://www.wikidata.org/wiki/Q3640,,,deutsch,de,Handschrift,"Altorientalisches Institut, Universität Leipzig",3,662,"bitte (3),Pohl (2),Berichtigungsliste (2),Rom (2),beigegeben (2)"
1937-04-07_Mueller_Landsberger,l50,1937-04-07,07.04.1937,Karl Friedrich Müller,,,Benno Landsberger,https://d-nb.info/gnd/116681888,http://www.wikidata.org/entity/Q67592,Wiederitzsch ,https://www.wikidata.org/wiki/Q2568383,,,deutsch,de,Schreibmaschine mit handschriftlichen Korrekturen/Ergänzungen/Kommentaren,"Altorientalisches Institut, Universität Leipzig",5,1027,"Pohl (11),April (9),Text (9),schicken (8),Schuster (6)"
1937-04-12_Castellino_Landsberger,l79,1937-04-12,12.04.1937,Giorgio Castellino,https://d-nb.info/gnd/137480954,https://www.wikidata.org/wiki/Q93269194,Benno Landsberger,https://d-nb.info/gnd/116681888,http://www.wikidata.org/entity/Q67592,Rom,https://www.wikidata.org/wiki/Q220,,,deutsch,de,Schreibmaschine mit handschriftlichen Korrekturen/Ergänzungen/Kommentaren,"Altorientalisches Institut, Universität Leipzig",1,181,
1937-04-13_Landsberger_Mueller,l45,1937-04-13,13.04.1937,Benno Landsberger,https://d-nb.info/gnd/116681888,http://www.wikidata.org/entity/Q67592,Karl Friedrich Müller,,,Ankara,https://www.wikidata.org/wiki/Q3640,,,deutsch,de,Handschrift,"Altorientalisches Institut, Universität Leipzig",2,830,"Sache (5),Arbeit (4),Frage (3),Schuster (3),Kraus (3)"
1937-04-16_Mueller_Landsberger,l46,1937-04-16,16.04.1937,Karl Friedrich Müller,,,Benno Landsberger,https://d-nb.info/gnd/116681888,http://www.wikidata.org/entity/Q67592,Wiederitzsch ,https://www.wikidata.org/wiki/Q2568383,,,deutsch,de,Schreibmaschine (Durchschlagpapier),"Altorientalisches Institut, Universität Leipzig",4,1095,"Schuster (16),Pohl (10),Aufregung (5),Schusters (5),Korrekturen (4)"
1937-04-29_Mueller_Landsberger,l47,1937-04-29,29.04.1937,Karl Friedrich Müller,,,Benno Landsberger,https://d-nb.info/gnd/116681888,http://www.wikidata.org/entity/Q67592,Wiederitzsch ,https://www.wikidata.org/wiki/Q2568383,,,deutsch,de,Schreibmaschine mit handschriftlichen Korrekturen/Ergänzungen/Kommentaren,"Altorientalisches Institut, Universität Leipzig",4,926,"Arbeit (8),Friedrich (6),Text (6),Texte (5),Übersetzung (5)"
1937-05-03_Landsberger_Mueller,l48,1937-05-03,03.05.1937,Benno Landsberger,https://d-nb.info/gnd/116681888,http://www.wikidata.org/entity/Q67592,Karl Friedrich Müller,,,Ankara,https://www.wikidata.org/wiki/Q3640,,,deutsch,de,Schreibmaschine mit handschriftlichen Korrekturen/Ergänzungen/Kommentaren,"Altorientalisches Institut, Universität Leipzig",3,656,"Schuster (12),Arbeit (6),Material (4),Leipzig (3),Vokabulare (3)"
1937-05-08_Landsberger_Mueller,l51,1937-05-08,08.05.1937,Benno Landsberger,https://d-nb.info/gnd/116681888,http://www.wikidata.org/entity/Q67592,Karl Friedrich Müller,,,Ankara,https://www.wikidata.org/wiki/Q3640,,,deutsch,de,Handschrift,"Altorientalisches Institut, Universität Leipzig",2,560,"ea (4),Arbeit (4),Teil (3),Schuster (2),bitte (2)"
1937-05-08_Mueller_Landsberger,l49,1937-05-08,08.05.1937,Karl Friedrich Müller,,,Benno Landsberger,https://d-nb.info/gnd/116681888,http://www.wikidata.org/entity/Q67592,Wiederitzsch ,https://www.wikidata.org/wiki/Q2568383,,,deutsch,de,Schreibmaschine (Durchschlagpapier),"Altorientalisches Institut, Universität Leipzig",3,735,"Friedrich (5),salu (5),Rest (4),Bearbeitung (3),kararu (3)"
1937-05-14_Landsberger_Mueller,l52,1937-05-14,14.05.1937,Benno Landsberger,https://d-nb.info/gnd/116681888,http://www.wikidata.org/entity/Q67592,Karl Friedrich Müller,,,Ankara,https://www.wikidata.org/wiki/Q3640,,,deutsch,de,Schreibmaschine mit handschriftlichen Korrekturen/Ergänzungen/Kommentaren,"Altorientalisches Institut, Universität Leipzig",3,700,"Schuster (7),Teil (6),Arbeit (6),Brief (4),Juni (4)"
1937-05-18_Mueller_Landsberger,l53,1937-05-18,18.05.1937,Karl Friedrich Müller,,,Benno Landsberger,https://d-nb.info/gnd/116681888,http://www.wikidata.org/entity/Q67592,Wiederitzsch ,https://www.wikidata.org/wiki/Q2568383,,,deutsch,de,Schreibmaschine (Durchschlagpapier),"Altorientalisches Institut, Universität Leipzig",2,439,"Arbeit (6),Schuster (4),Text (3),optimistisch (2),Sache (2)"
1937-05-26_Mueller_Landsberger,l54,1937-05-26,26.05.1937,Karl Friedrich Müller,,,Benno Landsberger,https://d-nb.info/gnd/116681888,http://www.wikidata.org/entity/Q67592,Wiederitzsch ,https://www.wikidata.org/wiki/Q2568383,,,deutsch,de,Schreibmaschine (Durchschlagpapier),"Altorientalisches Institut, Universität Leipzig",4,844,"Schuster (10),Frage (4),Institut (4),Arbeit (4),Verzögerung (3)"
1937-06-01_Landsberger_Mueller,l55,1937-06-01,01.06.1937,Benno Landsberger,https://d-nb.info/gnd/116681888,http://www.wikidata.org/entity/Q67592,Karl Friedrich Müller,,,Ankara,https://www.wikidata.org/wiki/Q3640,,,deutsch,de,Handschrift,"Altorientalisches Institut, Universität Leipzig",2,168,fristgerecht (2)
1937-06-05_Mueller_Landsberger,l56,1937-06-05,05.06.1937,Karl Friedrich Müller,,,Benno Landsberger,https://d-nb.info/gnd/116681888,http://www.wikidata.org/entity/Q67592,Wiederitzsch ,https://www.wikidata.org/wiki/Q2568383,,,deutsch,de,Schreibmaschine mit handschriftlichen Korrekturen/Ergänzungen/Kommentaren,"Altorientalisches Institut, Universität Leipzig",2,511,"Schuster (3),endlich (2),Prüfung (2),Keilschrift (2),na (2)"
1937-06-19_Landsberger_Mueller,l57,1937-06-19,19.06.1937,Benno Landsberger,https://d-nb.info/gnd/116681888,http://www.wikidata.org/entity/Q67592,Karl Friedrich Müller,,,Ankara,https://www.wikidata.org/wiki/Q3640,,,deutsch,de,Handschrift,"Altorientalisches Institut, Universität Leipzig",2,380,"bitte (4),Text (2),Neujahrsfest (2),glaube (2),Arbeit (2)"
1937-06-25_Mueller_Landsberger,l58,1937-06-25,25.06.1937,Karl Friedrich Müller,,,Benno Landsberger,https://d-nb.info/gnd/116681888,http://www.wikidata.org/entity/Q67592,Wiederitzsch ,https://www.wikidata.org/wiki/Q2568383,,,deutsch,de,Schreibmaschine (Durchschlagpapier),"Altorientalisches Institut, Universität Leipzig",4,1001,"Text (6),abnu (5),Krönung (4),Karneol (4),Gott (4)"
1937-06-07_Saarisalo_Landsberger,l68,1937-06-07,07.06.1937,Aapeli Saarisalo,https://d-nb.info/gnd/120638193,https://www.wikidata.org/wiki/Q9321450,Benno Landsberger,https://d-nb.info/gnd/116681888,http://www.wikidata.org/entity/Q67592,Helsinki ,https://www.wikidata.org/wiki/Q1757,,,deutsch,de,Schreibmaschine mit handschriftlichen Korrekturen/Ergänzungen/Kommentaren,"Altorientalisches Institut, Universität Leipzig",1,65,
1937-07-19_Landsberger_Mueller,l61,1937-07-19,19.07.1937,Benno Landsberger,https://d-nb.info/gnd/116681888,http://www.wikidata.org/entity/Q67592,Karl Friedrich Müller,,,Ankara,https://www.wikidata.org/wiki/Q3640,,,deutsch,de,Schreibmaschine mit handschriftlichen Korrekturen/Ergänzungen/Kommentaren,"Altorientalisches Institut, Universität Leipzig",2,419,"August (4),Zeit (2),Reise (2),Leipzig (2),September (2)"
1937-07-19_Mueller_Landsberger,l59,1937-07-19,19.07.1937,Karl Friedrich Müller,,,Benno Landsberger,https://d-nb.info/gnd/116681888,http://www.wikidata.org/entity/Q67592,Wiederitzsch ,https://www.wikidata.org/wiki/Q2568383,,,deutsch,de,Schreibmaschine mit handschriftlichen Korrekturen/Ergänzungen/Kommentaren,"Altorientalisches Institut, Universität Leipzig",2,461,"Texte (4),Arbeit (3),Kopie (2),VAT (2),Vergleichung (2)"
1937-07-25_Mueller_Landsberger,l62,1937-07-25,25.07.1937,Karl Friedrich Müller,,,Benno Landsberger,https://d-nb.info/gnd/116681888,http://www.wikidata.org/entity/Q67592,Wiederitzsch ,https://www.wikidata.org/wiki/Q2568383,,,deutsch,de,Schreibmaschine mit handschriftlichen Korrekturen/Ergänzungen/Kommentaren,"Altorientalisches Institut, Universität Leipzig",2,401,"geschrieben (5),Schuster (4),Wilson (3),Post (2),Arbeit (2)"
1937-10-08_Landsberger_Mueller,l63,1937-10-08,08.10.1937,Benno Landsberger,https://d-nb.info/gnd/116681888,http://www.wikidata.org/entity/Q67592,Karl Friedrich Müller,,,Ankara,https://www.wikidata.org/wiki/Q3640,,,deutsch,de,Schreibmaschine mit handschriftlichen Korrekturen/Ergänzungen/Kommentaren,"Altorientalisches Institut, Universität Leipzig",2,281,"Text (2),Meissner (2),Relief (2),König (2)"
1937-10-27_Mueller_Landsberger,l64,1937-10-27,27.10.1937,Karl Friedrich Müller,,,Benno Landsberger,https://d-nb.info/gnd/116681888,http://www.wikidata.org/entity/Q67592,Wiederitzsch ,https://www.wikidata.org/wiki/Q2568383,,,deutsch,de,Schreibmaschine (Durchschlagpapier),"Altorientalisches Institut, Universität Leipzig",1,174,"Rest (2),Steiner (2)"
1937-11-22_Mueller_Landsberger,l65,1937-11-22,22.11.1937,Karl Friedrich Müller,,,Benno Landsberger,https://d-nb.info/gnd/116681888,http://www.wikidata.org/entity/Q67592,Wiederitzsch ,https://www.wikidata.org/wiki/Q2568383,,,deutsch,de,Schreibmaschine (Durchschlagpapier),"Altorientalisches Institut, Universität Leipzig",4,965,"Oktober (8),Friedrich (8),Arbeit (7),Druckerei (5),Schuster (5)"
1937-12-12_Landsberger_Mueller,l1,1937-12-12,12.12.1937,Benno Landsberger,https://d-nb.info/gnd/116681888,http://www.wikidata.org/entity/Q67592,Karl Friedrich Müller,,,Ankara,https://www.wikidata.org/wiki/Q3640,,,deutsch,de,Schreibmaschine mit handschriftlichen Korrekturen/Ergänzungen/Kommentaren,"Altorientalisches Institut, Universität Leipzig",2,341,"zweiten (3),Schuster (3),Korrekturen (2),freue (2),Arbeit (2)"
1938-01-20_Mueller_Landsberger,l4,1938-01-20,20.01.1938,Karl Friedrich Müller,,,Benno Landsberger,https://d-nb.info/gnd/116681888,http://www.wikidata.org/entity/Q67592,Wiederitzsch ,https://www.wikidata.org/wiki/Q2568383,,,deutsch,de,Schreibmaschine mit handschriftlichen Korrekturen/Ergänzungen/Kommentaren,"Altorientalisches Institut, Universität Leipzig",2,409,"Arbeit (5),Pohl (4),Bemerkungen (2),Text (2),Schuster (2)"
1938-01-27_Mueller_Landsberger,l66,1938-01-27,27.01.1938,Karl Friedrich Müller,,,Benno Landsberger,https://d-nb.info/gnd/116681888,http://www.wikidata.org/entity/Q67592,Wiederitzsch ,https://www.wikidata.org/wiki/Q2568383,,,deutsch,de,Schreibmaschine (Durchschlagpapier),"Altorientalisches Institut, Universität Leipzig",3,790,"Nummern (7),London (5),Tafeln (4),Texte (4),Nummer (4)"
1938-01-29_Landsberger_Mueller,l67,1938-01-29,29.01.1938,Benno Landsberger,https://d-nb.info/gnd/116681888,http://www.wikidata.org/entity/Q67592,Karl Friedrich Müller,,,Ankara,https://www.wikidata.org/wiki/Q3640,,,deutsch,de,Schreibmaschine mit handschriftlichen Korrekturen/Ergänzungen/Kommentaren,"Altorientalisches Institut, Universität Leipzig",6,1469,"zweiten (5),Teil (4),Berichtigungen (2),Parallelstellen (2),Bearbeitungen (2)"
1938-04-20_Mueller_Landsberger,l85,1938-04-20,20.04.1938,Karl Friedrich Müller,,,Benno Landsberger,https://d-nb.info/gnd/116681888,http://www.wikidata.org/entity/Q67592,Wiederitzsch ,https://www.wikidata.org/wiki/Q2568383,,,deutsch,de,Schreibmaschine (Durchschlagpapier),"Altorientalisches Institut, Universität Leipzig",1,263,"Schuster (6),Leipzig (3),Nachricht (3),Mai (3),Zeit (2)"
1938-05-18_Mueller_Landsberger,l84,1938-05-18,18.05.1938,Karl Friedrich Müller,,,Benno Landsberger,https://d-nb.info/gnd/116681888,http://www.wikidata.org/entity/Q67592,Wiederitzsch ,https://www.wikidata.org/wiki/Q2568383,,,deutsch,de,Schreibmaschine (Durchschlagpapier),"Altorientalisches Institut, Universität Leipzig",1,140,"Naumburg (4),Korbetha (4),Jena (2),Leipzig (2),Zug (2)"
1938-08-04_Landsberger_Mueller,l86,1938-08-04,04.08.1938,Benno Landsberger,https://d-nb.info/gnd/116681888,http://www.wikidata.org/entity/Q67592,Karl Friedrich Müller,,,Ankara,https://www.wikidata.org/wiki/Q3640,,,deutsch,de,Handschrift,"Altorientalisches Institut, Universität Leipzig",2,459,"Sch (4),fahren (2),Leipzig (2),wissen (2),bitte (2)"
1938-08-15_Landsberger_Mueller,l82,1938-08-15,15.08.1938,Benno Landsberger,https://d-nb.info/gnd/116681888,http://www.wikidata.org/entity/Q67592,Karl Friedrich Müller,,,Ankara,https://www.wikidata.org/wiki/Q3640,,,deutsch,de,Schreibmaschine mit handschriftlichen Korrekturen/Ergänzungen/Kommentaren,"Altorientalisches Institut, Universität Leipzig",1,134,
1938-08-24_Landsberger_Mueller,l71,1938-08-24,24.08.1938,Benno Landsberger,https://d-nb.info/gnd/116681888,http://www.wikidata.org/entity/Q67592,Karl Friedrich Müller,,,Ankara,https://www.wikidata.org/wiki/Q3640,,,deutsch,de,Handschrift,"Altorientalisches Institut, Universität Leipzig",1,94,
1943-10-01_Thompson_Landsberger,l78,1943-10-01,01.10.1943,Reginald Campbell Thompson,https://d-nb.info/gnd/115627065,http://www.wikidata.org/entity/Q1918460,Benno Landsberger,https://d-nb.info/gnd/116681888,http://www.wikidata.org/entity/Q67592,Oxford,https://www.wikidata.org/wiki/Q34217,,,englisch,eng,Handschrift,"Altorientalisches Institut, Universität Leipzig",1,148,"thanks (2),books (2),work (2),treating (2)"
1956-02-15_Landsberger_Segerstedt,l24,1956-02-15,15.02.1956,Benno Landsberger,https://d-nb.info/gnd/116681888,http://www.wikidata.org/entity/Q67592,Torgny Segerstedt,https://d-nb.info/gnd/101289685,https://www.wikidata.org/wiki/Q525099,Chicago,https://www.wikidata.org/wiki/Q1297,Uppsala,https://www.wikidata.org/wiki/Q25286,englisch,eng,Schreibmaschine,"Altorientalisches Institut, Universität Leipzig",4,1979,"Haldar (21),Rundgren (17),Akkadian (17),language (8),published (5)"
1960-09-27_Landsberger_Aro,z1,1960-09-27,27.09.1960,Benno Landsberger,https://d-nb.info/gnd/116681888,http://www.wikidata.org/entity/Q67592,Jussi Aro,https://d-nb.info/gnd/1191135454,http://www.wikidata.org/entity/Q1714074,Chicago,https://www.wikidata.org/wiki/Q1297,Helsinki,https://www.wikidata.org/wiki/Q1757,englisch,eng,Schreibmaschine mit handschriftlichen Korrekturen/Ergänzungen/Kommentaren,"Dem Altorientalischen Institut, Universität Leipzig, durch Sanna Aro-Valjus zur Verfügung gestellt",1,293,"aspect (3),modesty (2),history (2),book (2),course (2)"
1962-02-19_Finkelstein_Landsberger,j16,1962-02-19,19.02.1962,Jakob J. Finkelstein,https://d-nb.info/gnd/136088295,http://www.wikidata.org/entity/Q105096216,Benno Landsberger,https://d-nb.info/gnd/116681888,http://www.wikidata.org/entity/Q67592,Berkeley,https://www.wikidata.org/wiki/Q484678,,,englisch,eng,Schreibmaschine mit handschriftlichen Korrekturen/Ergänzungen/Kommentaren,Institut für Archäologie der Hebrew University Jerusalem,1,186,"Keilschrift (11),beginning (3),line (2),begin (2)"
