Source,Target,Type,Id,Label,Weight,Art der Beziehung
633,26,Directed,0,angestellt bei,1,angestellt bei
634,51,Directed,1,angestellt bei,1,angestellt bei
636,96,Directed,2,studiert an,1,studiert an
636,199,Directed,3,angestellt bei,1,angestellt bei
636,26,Directed,4,angestellt bei,1,angestellt bei
636,254,Directed,5,angestellt bei,1,angestellt bei
637,26,Directed,6,studiert an,1,studiert an
637,44,Directed,8,studiert an,1,studiert an
638,194,Directed,9,angestellt bei,1,angestellt bei
638,50,Directed,10,angestellt bei,1,angestellt bei
638,178,Directed,11,angestellt bei,1,angestellt bei
638,1,Directed,12,angestellt bei,1,angestellt bei
638,195,Directed,13,angestellt bei,1,angestellt bei
638,86,Directed,14,angestellt bei,1,angestellt bei
638,177,Directed,15,angestellt bei,1,angestellt bei
638,145,Directed,16,angestellt bei,1,angestellt bei
639,145,Directed,17,studiert an,1,studiert an
642,63,Directed,18,angestellt bei,1,angestellt bei
642,1,Directed,19,angestellt bei,1,angestellt bei
645,170,Directed,20,angestellt bei,1,angestellt bei
649,170,Directed,21,angestellt bei,1,angestellt bei
650,10,Directed,22,angestellt bei,1,angestellt bei
652,197,Directed,23,angestellt bei,1,angestellt bei
652,231,Directed,24,angestellt bei,1,angestellt bei
652,143,Directed,25,angestellt bei,1,angestellt bei
653,27,Directed,26,angestellt bei,1,angestellt bei
654,255,Directed,27,angestellt bei,1,angestellt bei
654,7,Directed,28,studiert an,1,studiert an
654,12,Directed,29,angestellt bei,1,angestellt bei
657,256,Directed,30,angestellt bei,1,angestellt bei
657,269,Directed,31,studiert an,1,studiert an
658,104,Directed,32,angestellt bei,1,angestellt bei
658,44,Directed,33,studiert an,1,studiert an
659,175,Directed,34,angestellt bei,1,angestellt bei
659,106,Directed,35,studiert an,1,studiert an
659,257,Directed,37,angestellt bei,1,angestellt bei
660,258,Directed,38,angestellt bei,1,angestellt bei
660,259,Directed,39,studiert an,1,studiert an
662,143,Directed,40,angestellt bei,1,angestellt bei
662,270,Directed,41,studiert an,1,studiert an
662,203,Directed,42,angestellt bei,1,angestellt bei
663,273,Directed,43,angestellt bei,1,angestellt bei
664,274,Directed,44,angestellt bei,1,angestellt bei
664,133,Directed,45,studiert an,1,studiert an
664,179,Directed,47,angestellt bei,1,angestellt bei
664,26,Directed,48,studiert an,1,studiert an
664,10,Directed,49,studiert an,1,studiert an
665,203,Directed,51,angestellt bei,1,angestellt bei
665,259,Directed,52,angestellt bei,1,angestellt bei
665,0,Directed,53,studiert an,1,studiert an
665,275,Directed,54,angestellt bei,1,angestellt bei
665,170,Directed,55,angestellt bei,1,angestellt bei
665,102,Directed,56,angestellt bei,1,angestellt bei
665,276,Directed,57,angestellt bei,1,angestellt bei
665,277,Directed,58,angestellt bei,1,angestellt bei
665,278,Directed,59,angestellt bei,1,angestellt bei
665,279,Directed,60,angestellt bei,1,angestellt bei
665,280,Directed,61,angestellt bei,1,angestellt bei
665,281,Directed,62,angestellt bei,1,angestellt bei
665,282,Directed,63,angestellt bei,1,angestellt bei
666,83,Directed,64,angestellt bei,1,angestellt bei
666,72,Directed,65,studiert an,1,studiert an
667,10,Directed,66,studiert an,1,studiert an
667,44,Directed,67,studiert an,1,studiert an
668,35,Directed,69,studiert an,1,studiert an
668,44,Directed,71,studiert an,1,studiert an
669,143,Directed,72,angestellt bei,1,angestellt bei
669,133,Directed,73,angestellt bei,1,angestellt bei
670,137,Directed,74,angestellt bei,1,angestellt bei
672,203,Directed,75,angestellt bei,1,angestellt bei
672,231,Directed,76,angestellt bei,1,angestellt bei
672,1,Directed,77,studiert an,1,studiert an
672,26,Directed,78,angestellt bei,1,angestellt bei
672,48,Directed,79,studiert an,1,studiert an
586,85,Directed,80,angestellt bei,1,angestellt bei
586,222,Directed,82,angestellt bei,1,angestellt bei
586,26,Directed,83,angestellt bei,1,angestellt bei
586,69,Directed,84,angestellt bei,1,angestellt bei
675,133,Directed,85,angestellt bei,1,angestellt bei
677,283,Directed,86,angestellt bei,1,angestellt bei
677,46,Directed,87,angestellt bei,1,angestellt bei
677,8,Directed,88,studiert an,1,studiert an
677,26,Directed,89,angestellt bei,1,angestellt bei
677,260,Directed,90,angestellt bei,1,angestellt bei
678,261,Directed,91,angestellt bei,1,angestellt bei
678,128,Directed,92,angestellt bei,1,angestellt bei
679,246,Directed,93,studiert an,1,studiert an
680,29,Directed,94,angestellt bei,1,angestellt bei
681,139,Directed,95,angestellt bei,1,angestellt bei
681,231,Directed,96,angestellt bei,1,angestellt bei
684,202,Directed,97,angestellt bei,1,angestellt bei
684,154,Directed,98,studiert an,1,studiert an
684,214,Directed,100,angestellt bei,1,angestellt bei
684,175,Directed,101,angestellt bei,1,angestellt bei
684,170,Directed,102,angestellt bei,1,angestellt bei
685,199,Directed,103,angestellt bei,1,angestellt bei
685,47,Directed,104,angestellt bei,1,angestellt bei
685,0,Directed,105,studiert an,1,studiert an
685,143,Directed,106,angestellt bei,1,angestellt bei
685,9,Directed,107,angestellt bei,1,angestellt bei
685,202,Directed,108,angestellt bei,1,angestellt bei
685,203,Directed,109,angestellt bei,1,angestellt bei
685,170,Directed,110,angestellt bei,1,angestellt bei
685,204,Directed,111,angestellt bei,1,angestellt bei
685,197,Directed,112,angestellt bei,1,angestellt bei
685,282,Directed,113,angestellt bei,1,angestellt bei
686,35,Directed,114,angestellt bei,1,angestellt bei
686,7,Directed,115,studiert an,1,studiert an
688,169,Directed,116,angestellt bei,1,angestellt bei
688,17,Directed,117,angestellt bei,1,angestellt bei
688,8,Directed,118,studiert an,1,studiert an
688,143,Directed,119,angestellt bei,1,angestellt bei
688,262,Directed,120,angestellt bei,1,angestellt bei
688,181,Directed,121,angestellt bei,1,angestellt bei
688,263,Directed,122,angestellt bei,1,angestellt bei
688,284,Directed,123,angestellt bei,1,angestellt bei
689,143,Directed,124,angestellt bei,1,angestellt bei
689,154,Directed,125,studiert an,1,studiert an
689,285,Directed,126,angestellt bei,1,angestellt bei
689,204,Directed,127,angestellt bei,1,angestellt bei
689,170,Directed,128,angestellt bei,1,angestellt bei
689,214,Directed,129,angestellt bei,1,angestellt bei
691,12,Directed,130,angestellt bei,1,angestellt bei
692,143,Directed,131,angestellt bei,1,angestellt bei
692,51,Directed,132,angestellt bei,1,angestellt bei
692,286,Directed,133,angestellt bei,1,angestellt bei
692,264,Directed,134,angestellt bei,1,angestellt bei
696,169,Directed,135,angestellt bei,1,angestellt bei
696,8,Directed,136,angestellt bei,1,angestellt bei
696,24,Directed,137,angestellt bei,1,angestellt bei
696,195,Directed,138,angestellt bei,1,angestellt bei
696,1,Directed,139,angestellt bei,1,angestellt bei
696,46,Directed,140,studiert an,1,studiert an
696,596,Directed,141,Schüler*in von,1,Schüler*in von
696,134,Directed,142,angestellt bei,1,angestellt bei
696,10,Directed,143,studiert an,1,studiert an
696,85,Directed,145,studiert an,1,studiert an
696,586,Directed,146,Schüler*in von,1,Schüler*in von
698,170,Directed,147,angestellt bei,1,angestellt bei
698,55,Directed,148,angestellt bei,1,angestellt bei
700,12,Directed,149,angestellt bei,1,angestellt bei
700,17,Directed,150,studiert an,1,studiert an
701,229,Directed,151,angestellt bei,1,angestellt bei
701,30,Directed,152,angestellt bei,1,angestellt bei
702,145,Directed,153,angestellt bei,1,angestellt bei
702,222,Directed,154,angestellt bei,1,angestellt bei
703,287,Directed,155,angestellt bei,1,angestellt bei
703,23,Directed,156,angestellt bei,1,angestellt bei
703,265,Directed,157,angestellt bei,1,angestellt bei
703,288,Directed,158,angestellt bei,1,angestellt bei
703,8,Directed,160,studiert an,1,studiert an
704,131,Directed,161,angestellt bei,1,angestellt bei
704,231,Directed,162,angestellt bei,1,angestellt bei
707,266,Directed,163,angestellt bei,1,angestellt bei
707,230,Directed,164,studiert an,1,studiert an
707,228,Directed,165,angestellt bei,1,angestellt bei
707,63,Directed,166,studiert an,1,studiert an
708,161,Directed,167,angestellt bei,1,angestellt bei
709,272,Directed,168,studiert an,1,studiert an
712,256,Directed,169,angestellt bei,1,angestellt bei
712,269,Directed,170,studiert an,1,studiert an
712,267,Directed,171,angestellt bei,1,angestellt bei
712,268,Directed,172,angestellt bei,1,angestellt bei
712,47,Directed,174,studiert an,1,studiert an
712,53,Directed,175,studiert an,1,studiert an
712,44,Directed,176,studiert an,1,studiert an
550,126,Directed,177,studiert an,1,studiert an
550,206,Directed,178,Mitglied von,1,Mitglied von
550,7,Directed,179,angestellt bei,1,angestellt bei
550,214,Directed,180,Mitglied von,1,Mitglied von
550,154,Directed,181,studiert an,1,studiert an
550,219,Directed,182,angestellt bei,1,angestellt bei
550,220,Directed,183,angestellt bei,1,angestellt bei
551,19,Directed,184,angestellt bei,1,angestellt bei
551,181,Directed,185,Mitglied von,1,Mitglied von
551,239,Directed,187,studiert an,1,studiert an
551,196,Directed,188,Mitglied von,1,Mitglied von
551,190,Directed,189,Mitglied von,1,Mitglied von
552,170,Directed,190,Mitglied von,1,Mitglied von
552,184,Directed,191,Mitglied von,1,Mitglied von
552,9,Directed,192,studiert an,1,studiert an
403,51,Directed,193,studiert an,1,studiert an
403,133,Directed,194,angestellt bei,1,angestellt bei
556,240,Directed,195,studiert an,1,studiert an
556,174,Directed,196,Mitglied von,1,Mitglied von
557,25,Directed,197,studiert an,1,studiert an
557,76,Directed,198,angestellt bei,1,angestellt bei
557,241,Directed,199,studiert an,1,studiert an
557,35,Directed,200,angestellt bei,1,angestellt bei
558,53,Directed,201,studiert an,1,studiert an
558,143,Directed,202,Mitglied von,1,Mitglied von
558,27,Directed,203,angestellt bei,1,angestellt bei
558,197,Directed,204,Mitglied von,1,Mitglied von
558,69,Directed,205,angestellt bei,1,angestellt bei
558,195,Directed,206,Mitglied von,1,Mitglied von
558,188,Directed,207,Mitglied von,1,Mitglied von
558,198,Directed,208,Mitglied von,1,Mitglied von
558,181,Directed,209,Mitglied von,1,Mitglied von
558,215,Directed,210,Mitglied von,1,Mitglied von
558,207,Directed,211,Mitglied von,1,Mitglied von
558,174,Directed,212,Mitglied von,1,Mitglied von
558,170,Directed,213,Mitglied von,1,Mitglied von
558,216,Directed,214,Mitglied von,1,Mitglied von
558,217,Directed,215,Mitglied von,1,Mitglied von
558,196,Directed,216,Mitglied von,1,Mitglied von
560,91,Directed,217,studiert an,1,studiert an
560,181,Directed,218,Mitglied von,1,Mitglied von
560,12,Directed,219,studiert an,1,studiert an
560,190,Directed,221,Mitglied von,1,Mitglied von
561,7,Directed,222,studiert an,1,studiert an
561,190,Directed,223,Mitglied von,1,Mitglied von
561,12,Directed,224,angestellt bei,1,angestellt bei
561,242,Directed,225,studiert an,1,studiert an
561,199,Directed,226,Mitglied von,1,Mitglied von
561,26,Directed,227,studiert an,1,studiert an
561,197,Directed,228,Mitglied von,1,Mitglied von
561,243,Directed,229,studiert an,1,studiert an
561,218,Directed,230,Mitglied von,1,Mitglied von
562,114,Directed,231,angestellt bei,1,angestellt bei
563,12,Directed,232,studiert an,1,studiert an
565,148,Directed,233,angestellt bei,1,angestellt bei
566,8,Directed,234,angestellt bei,1,angestellt bei
566,169,Directed,235,Mitglied von,1,Mitglied von
568,244,Directed,237,studiert an,1,studiert an
570,143,Directed,238,Mitglied von,1,Mitglied von
570,1,Directed,240,angestellt bei,1,angestellt bei
541,245,Directed,241,studiert an,1,studiert an
541,181,Directed,242,Mitglied von,1,Mitglied von
541,221,Directed,244,angestellt bei,1,angestellt bei
630,541,Directed,1074,Schüler*in von,1,Schüler*in von
572,39,Directed,247,studiert an,1,studiert an
575,175,Directed,248,Mitglied von,1,Mitglied von
575,18,Directed,249,angestellt bei,1,angestellt bei
575,12,Directed,250,angestellt bei,1,angestellt bei
575,196,Directed,251,Mitglied von,1,Mitglied von
575,136,Directed,252,angestellt bei,1,angestellt bei
347,174,Directed,253,Mitglied von,1,Mitglied von
577,52,Directed,254,angestellt bei,1,angestellt bei
383,8,Directed,255,angestellt bei,1,angestellt bei
383,202,Directed,256,Mitglied von,1,Mitglied von
383,125,Directed,257,angestellt bei,1,angestellt bei
383,26,Directed,258,studiert an,1,studiert an
383,175,Directed,259,Mitglied von,1,Mitglied von
383,37,Directed,261,studiert an,1,studiert an
383,186,Directed,262,Mitglied von,1,Mitglied von
383,185,Directed,263,Mitglied von,1,Mitglied von
383,170,Directed,264,Mitglied von,1,Mitglied von
578,125,Directed,265,angestellt bei,1,angestellt bei
582,24,Directed,267,studiert an,1,studiert an
582,199,Directed,268,Mitglied von,1,Mitglied von
582,27,Directed,269,angestellt bei,1,angestellt bei
582,140,Directed,270,Mitglied von,1,Mitglied von
582,44,Directed,271,angestellt bei,1,angestellt bei
582,192,Directed,272,Mitglied von,1,Mitglied von
582,26,Directed,273,angestellt bei,1,angestellt bei
582,197,Directed,274,Mitglied von,1,Mitglied von
583,53,Directed,275,angestellt bei,1,angestellt bei
584,214,Directed,276,Mitglied von,1,Mitglied von
584,154,Directed,277,angestellt bei,1,angestellt bei
588,223,Directed,283,angestellt bei,1,angestellt bei
590,39,Directed,284,studiert an,1,studiert an
590,170,Directed,285,Mitglied von,1,Mitglied von
590,103,Directed,286,angestellt bei,1,angestellt bei
591,224,Directed,287,angestellt bei,1,angestellt bei
591,125,Directed,289,angestellt bei,1,angestellt bei
592,101,Directed,290,angestellt bei,1,angestellt bei
593,105,Directed,291,studiert an,1,studiert an
593,136,Directed,292,angestellt bei,1,angestellt bei
593,70,Directed,293,studiert an,1,studiert an
594,6,Directed,294,studiert an,1,studiert an
594,143,Directed,295,Mitglied von,1,Mitglied von
594,76,Directed,296,angestellt bei,1,angestellt bei
594,136,Directed,297,studiert an,1,studiert an
594,198,Directed,298,Mitglied von,1,Mitglied von
594,216,Directed,299,Mitglied von,1,Mitglied von
594,181,Directed,300,Mitglied von,1,Mitglied von
594,175,Directed,301,Mitglied von,1,Mitglied von
595,225,Directed,302,angestellt bei,1,angestellt bei
595,172,Directed,303,Mitglied von,1,Mitglied von
595,151,Directed,304,angestellt bei,1,angestellt bei
595,171,Directed,305,angestellt bei,1,angestellt bei
596,139,Directed,308,studiert an,1,studiert an
596,143,Directed,309,Mitglied von,1,Mitglied von
696,596,Directed,1075,Schüler*in von,1,Schüler*in von
596,44,Directed,311,studiert an,1,studiert an
596,178,Directed,313,Mitglied von,1,Mitglied von
596,25,Directed,315,angestellt bei,1,angestellt bei
596,194,Directed,316,Mitglied von,1,Mitglied von
596,145,Directed,317,angestellt bei,1,angestellt bei
596,202,Directed,318,Mitglied von,1,Mitglied von
596,30,Directed,319,angestellt bei,1,angestellt bei
596,189,Directed,320,Mitglied von,1,Mitglied von
596,26,Directed,321,angestellt bei,1,angestellt bei
596,177,Directed,322,Mitglied von,1,Mitglied von
596,199,Directed,323,Mitglied von,1,Mitglied von
596,204,Directed,324,Mitglied von,1,Mitglied von
596,172,Directed,325,Mitglied von,1,Mitglied von
597,246,Directed,326,studiert an,1,studiert an
597,226,Directed,327,angestellt bei,1,angestellt bei
597,227,Directed,328,angestellt bei,1,angestellt bei
598,247,Directed,329,studiert an,1,studiert an
598,174,Directed,330,Mitglied von,1,Mitglied von
598,207,Directed,331,Mitglied von,1,Mitglied von
599,143,Directed,332,Mitglied von,1,Mitglied von
631,599,Directed,1076,Schüler*in von,1,Schüler*in von
599,131,Directed,334,angestellt bei,1,angestellt bei
632,599,Directed,1077,Schüler*in von,1,Schüler*in von
599,26,Directed,336,angestellt bei,1,angestellt bei
496,209,Directed,337,Mitglied von,1,Mitglied von
600,52,Directed,338,angestellt bei,1,angestellt bei
600,190,Directed,339,Mitglied von,1,Mitglied von
600,126,Directed,340,angestellt bei,1,angestellt bei
600,24,Directed,341,studiert an,1,studiert an
600,181,Directed,342,Mitglied von,1,Mitglied von
607,600,Directed,1078,Schüler*in von,1,Schüler*in von
600,206,Directed,345,Mitglied von,1,Mitglied von
600,154,Directed,346,angestellt bei,1,angestellt bei
600,228,Directed,347,angestellt bei,1,angestellt bei
601,5,Directed,348,studiert an,1,studiert an
601,197,Directed,349,Mitglied von,1,Mitglied von
601,229,Directed,350,angestellt bei,1,angestellt bei
601,52,Directed,351,angestellt bei,1,angestellt bei
601,200,Directed,352,Mitglied von,1,Mitglied von
601,8,Directed,354,studiert an,1,studiert an
601,178,Directed,355,Mitglied von,1,Mitglied von
601,26,Directed,356,studiert an,1,studiert an
601,194,Directed,357,Mitglied von,1,Mitglied von
601,195,Directed,358,Mitglied von,1,Mitglied von
601,171,Directed,359,Mitglied von,1,Mitglied von
601,177,Directed,360,Mitglied von,1,Mitglied von
601,199,Directed,361,Mitglied von,1,Mitglied von
602,85,Directed,362,studiert an,1,studiert an
603,12,Directed,363,angestellt bei,1,angestellt bei
604,169,Directed,364,Mitglied von,1,Mitglied von
604,53,Directed,365,angestellt bei,1,angestellt bei
604,143,Directed,366,Mitglied von,1,Mitglied von
604,26,Directed,367,angestellt bei,1,angestellt bei
604,188,Directed,368,Mitglied von,1,Mitglied von
605,249,Directed,369,studiert an,1,studiert an
605,143,Directed,370,Mitglied von,1,Mitglied von
605,458,Directed,371,Schüler*in von,1,Schüler*in von
605,10,Directed,372,angestellt bei,1,angestellt bei
605,42,Directed,373,angestellt bei,1,angestellt bei
605,197,Directed,374,Mitglied von,1,Mitglied von
605,426,Directed,375,Schüler*in von,1,Schüler*in von
605,148,Directed,376,angestellt bei,1,angestellt bei
605,174,Directed,377,Mitglied von,1,Mitglied von
605,404,Directed,378,Schüler*in von,1,Schüler*in von
605,216,Directed,380,Mitglied von,1,Mitglied von
606,192,Directed,381,Mitglied von,1,Mitglied von
606,10,Directed,382,angestellt bei,1,angestellt bei
606,197,Directed,383,Mitglied von,1,Mitglied von
606,44,Directed,384,angestellt bei,1,angestellt bei
607,25,Directed,385,studiert an,1,studiert an
607,181,Directed,386,Mitglied von,1,Mitglied von
607,126,Directed,387,angestellt bei,1,angestellt bei
607,230,Directed,388,angestellt bei,1,angestellt bei
607,12,Directed,389,angestellt bei,1,angestellt bei
299,5,Directed,390,studiert an,1,studiert an
299,106,Directed,391,angestellt bei,1,angestellt bei
299,6,Directed,392,studiert an,1,studiert an
299,105,Directed,393,angestellt bei,1,angestellt bei
610,24,Directed,394,studiert an,1,studiert an
610,197,Directed,395,Mitglied von,1,Mitglied von
610,10,Directed,396,angestellt bei,1,angestellt bei
615,159,Directed,397,studiert an,1,studiert an
615,161,Directed,398,angestellt bei,1,angestellt bei
617,231,Directed,399,angestellt bei,1,angestellt bei
617,26,Directed,400,angestellt bei,1,angestellt bei
618,250,Directed,401,studiert an,1,studiert an
629,618,Directed,1079,Schüler*in von,1,Schüler*in von
618,232,Directed,403,angestellt bei,1,angestellt bei
618,233,Directed,404,angestellt bei,1,angestellt bei
618,194,Directed,405,Mitglied von,1,Mitglied von
618,234,Directed,407,angestellt bei,1,angestellt bei
618,235,Directed,408,angestellt bei,1,angestellt bei
618,236,Directed,409,angestellt bei,1,angestellt bei
618,237,Directed,410,angestellt bei,1,angestellt bei
619,251,Directed,411,studiert an,1,studiert an
620,26,Directed,412,angestellt bei,1,angestellt bei
620,238,Directed,413,angestellt bei,1,angestellt bei
621,26,Directed,414,studiert an,1,studiert an
621,435,Directed,415,Schüler*in von,1,Schüler*in von
621,134,Directed,416,angestellt bei,1,angestellt bei
621,397,Directed,417,Schüler*in von,1,Schüler*in von
621,222,Directed,418,angestellt bei,1,angestellt bei
621,35,Directed,419,angestellt bei,1,angestellt bei
621,30,Directed,420,angestellt bei,1,angestellt bei
622,47,Directed,421,studiert an,1,studiert an
622,170,Directed,422,Mitglied von,1,Mitglied von
622,70,Directed,423,angestellt bei,1,angestellt bei
623,252,Directed,424,studiert an,1,studiert an
623,170,Directed,425,Mitglied von,1,Mitglied von
623,47,Directed,426,angestellt bei,1,angestellt bei
623,184,Directed,427,Mitglied von,1,Mitglied von
623,9,Directed,428,angestellt bei,1,angestellt bei
624,49,Directed,429,studiert an,1,studiert an
624,52,Directed,430,studiert an,1,studiert an
625,12,Directed,431,studiert an,1,studiert an
625,91,Directed,432,angestellt bei,1,angestellt bei
625,253,Directed,433,studiert an,1,studiert an
625,83,Directed,434,studiert an,1,studiert an
626,44,Directed,435,angestellt bei,1,angestellt bei
627,7,Directed,436,studiert an,1,studiert an
627,19,Directed,437,angestellt bei,1,angestellt bei
627,72,Directed,438,studiert an,1,studiert an
386,39,Directed,439,studiert an,1,studiert an
289,0,Directed,440,studiert an,1,studiert an
289,168,Directed,441,Mitglied von,1,Mitglied von
289,55,Directed,442,angestellt bei,1,angestellt bei
289,169,Directed,443,Mitglied von,1,Mitglied von
289,170,Directed,444,Mitglied von,1,Mitglied von
289,143,Directed,445,Mitglied von,1,Mitglied von
289,9,Directed,446,angestellt bei,1,angestellt bei
290,1,Directed,447,studiert an,1,studiert an
290,171,Directed,448,Mitglied von,1,Mitglied von
290,74,Directed,449,angestellt bei,1,angestellt bei
290,172,Directed,451,Mitglied von,1,Mitglied von
291,446,Directed,452,Schüler*in von,1,Schüler*in von
291,2,Directed,453,angestellt bei,1,angestellt bei
291,170,Directed,454,Mitglied von,1,Mitglied von
291,102,Directed,455,angestellt bei,1,angestellt bei
535,291,Directed,1080,Schüler*in von,1,Schüler*in von
291,3,Directed,457,angestellt bei,1,angestellt bei
291,4,Directed,458,studiert an,1,studiert an
291,173,Directed,459,Mitglied von,1,Mitglied von
291,143,Directed,460,Mitglied von,1,Mitglied von
291,174,Directed,461,Mitglied von,1,Mitglied von
291,70,Directed,462,angestellt bei,1,angestellt bei
536,291,Directed,1081,Schüler*in von,1,Schüler*in von
292,103,Directed,466,angestellt bei,1,angestellt bei
294,5,Directed,467,angestellt bei,1,angestellt bei
295,5,Directed,468,angestellt bei,1,angestellt bei
296,5,Directed,469,angestellt bei,1,angestellt bei
297,175,Directed,470,Mitglied von,1,Mitglied von
297,104,Directed,471,angestellt bei,1,angestellt bei
301,5,Directed,476,studiert an,1,studiert an
302,10,Directed,477,angestellt bei,1,angestellt bei
303,12,Directed,478,angestellt bei,1,angestellt bei
304,50,Directed,479,angestellt bei,1,angestellt bei
305,50,Directed,480,angestellt bei,1,angestellt bei
307,7,Directed,481,studiert an,1,studiert an
307,70,Directed,482,angestellt bei,1,angestellt bei
308,107,Directed,483,angestellt bei,1,angestellt bei
309,106,Directed,484,angestellt bei,1,angestellt bei
311,173,Directed,485,Mitglied von,1,Mitglied von
313,108,Directed,486,angestellt bei,1,angestellt bei
318,8,Directed,487,angestellt bei,1,angestellt bei
318,109,Directed,489,angestellt bei,1,angestellt bei
326,110,Directed,490,angestellt bei,1,angestellt bei
332,440,Directed,491,Schüler*in von,1,Schüler*in von
332,2,Directed,492,studiert an,1,studiert an
332,9,Directed,493,studiert an,1,studiert an
335,10,Directed,494,studiert an,1,studiert an
291,539,Directed,495,Schüler*in von,1,Schüler*in von
343,11,Directed,496,angestellt bei,1,angestellt bei
343,176,Directed,497,Mitglied von,1,Mitglied von
344,177,Directed,499,Mitglied von,1,Mitglied von
344,47,Directed,500,angestellt bei,1,angestellt bei
344,178,Directed,501,Mitglied von,1,Mitglied von
344,9,Directed,502,angestellt bei,1,angestellt bei
345,12,Directed,503,studiert an,1,studiert an
345,179,Directed,504,Mitglied von,1,Mitglied von
345,14,Directed,505,studiert an,1,studiert an
345,13,Directed,506,studiert an,1,studiert an
345,180,Directed,508,Mitglied von,1,Mitglied von
346,15,Directed,509,studiert an,1,studiert an
346,27,Directed,510,angestellt bei,1,angestellt bei
346,16,Directed,511,angestellt bei,1,angestellt bei
346,111,Directed,512,angestellt bei,1,angestellt bei
348,12,Directed,515,angestellt bei,1,angestellt bei
348,181,Directed,516,Mitglied von,1,Mitglied von
348,25,Directed,517,angestellt bei,1,angestellt bei
348,182,Directed,518,Mitglied von,1,Mitglied von
349,17,Directed,520,angestellt bei,1,angestellt bei
349,18,Directed,522,studiert an,1,studiert an
349,112,Directed,523,angestellt bei,1,angestellt bei
349,113,Directed,524,angestellt bei,1,angestellt bei
350,114,Directed,525,angestellt bei,1,angestellt bei
350,18,Directed,526,angestellt bei,1,angestellt bei
352,19,Directed,527,studiert an,1,studiert an
352,25,Directed,528,angestellt bei,1,angestellt bei
352,20,Directed,529,studiert an,1,studiert an
353,12,Directed,530,angestellt bei,1,angestellt bei
354,21,Directed,531,studiert an,1,studiert an
354,115,Directed,532,angestellt bei,1,angestellt bei
355,22,Directed,533,studiert an,1,studiert an
355,116,Directed,534,angestellt bei,1,angestellt bei
355,117,Directed,535,angestellt bei,1,angestellt bei
356,23,Directed,536,angestellt bei,1,angestellt bei
357,175,Directed,538,Mitglied von,1,Mitglied von
357,170,Directed,539,Mitglied von,1,Mitglied von
359,12,Directed,540,angestellt bei,1,angestellt bei
359,118,Directed,541,angestellt bei,1,angestellt bei
362,174,Directed,542,Mitglied von,1,Mitglied von
362,119,Directed,543,angestellt bei,1,angestellt bei
364,24,Directed,544,studiert an,1,studiert an
364,74,Directed,545,angestellt bei,1,angestellt bei
365,120,Directed,546,angestellt bei,1,angestellt bei
366,25,Directed,547,angestellt bei,1,angestellt bei
366,26,Directed,549,studiert an,1,studiert an
366,27,Directed,550,studiert an,1,studiert an
366,28,Directed,551,studiert an,1,studiert an
367,183,Directed,552,Mitglied von,1,Mitglied von
367,9,Directed,553,angestellt bei,1,angestellt bei
368,9,Directed,554,angestellt bei,1,angestellt bei
368,170,Directed,555,Mitglied von,1,Mitglied von
368,55,Directed,556,angestellt bei,1,angestellt bei
368,184,Directed,557,Mitglied von,1,Mitglied von
368,87,Directed,559,angestellt bei,1,angestellt bei
369,29,Directed,560,studiert an,1,studiert an
369,35,Directed,561,angestellt bei,1,angestellt bei
369,12,Directed,562,angestellt bei,1,angestellt bei
370,170,Directed,563,Mitglied von,1,Mitglied von
370,121,Directed,564,angestellt bei,1,angestellt bei
371,175,Directed,565,Mitglied von,1,Mitglied von
371,5,Directed,566,angestellt bei,1,angestellt bei
371,106,Directed,567,angestellt bei,1,angestellt bei
372,9,Directed,568,angestellt bei,1,angestellt bei
372,55,Directed,569,angestellt bei,1,angestellt bei
372,170,Directed,572,Mitglied von,1,Mitglied von
372,184,Directed,573,Mitglied von,1,Mitglied von
373,30,Directed,575,angestellt bei,1,angestellt bei
373,50,Directed,576,angestellt bei,1,angestellt bei
375,31,Directed,578,studiert an,1,studiert an
375,83,Directed,579,angestellt bei,1,angestellt bei
376,7,Directed,580,studiert an,1,studiert an
376,112,Directed,581,angestellt bei,1,angestellt bei
376,32,Directed,582,studiert an,1,studiert an
376,91,Directed,583,angestellt bei,1,angestellt bei
376,122,Directed,584,angestellt bei,1,angestellt bei
378,33,Directed,585,studiert an,1,studiert an
378,34,Directed,586,studiert an,1,studiert an
380,35,Directed,587,studiert an,1,studiert an
380,123,Directed,588,angestellt bei,1,angestellt bei
380,12,Directed,589,studiert an,1,studiert an
381,36,Directed,590,studiert an,1,studiert an
381,65,Directed,591,angestellt bei,1,angestellt bei
382,427,Directed,592,Schüler*in von,1,Schüler*in von
382,1,Directed,593,angestellt bei,1,angestellt bei
382,124,Directed,595,angestellt bei,1,angestellt bei
382,290,Directed,596,Schüler*in von,1,Schüler*in von
382,449,Directed,597,Schüler*in von,1,Schüler*in von
382,570,Directed,598,Schüler*in von,1,Schüler*in von
382,540,Directed,599,Schüler*in von,1,Schüler*in von
383,187,Directed,606,Mitglied von,1,Mitglied von
384,19,Directed,608,studiert an,1,studiert an
384,126,Directed,609,angestellt bei,1,angestellt bei
385,38,Directed,610,studiert an,1,studiert an
385,174,Directed,611,Mitglied von,1,Mitglied von
385,83,Directed,612,angestellt bei,1,angestellt bei
385,39,Directed,613,studiert an,1,studiert an
385,72,Directed,614,angestellt bei,1,angestellt bei
387,35,Directed,616,angestellt bei,1,angestellt bei
387,170,Directed,617,Mitglied von,1,Mitglied von
387,40,Directed,619,studiert an,1,studiert an
387,41,Directed,620,studiert an,1,studiert an
387,181,Directed,621,Mitglied von,1,Mitglied von
387,12,Directed,622,angestellt bei,1,angestellt bei
388,2,Directed,623,studiert an,1,studiert an
388,127,Directed,624,angestellt bei,1,angestellt bei
389,42,Directed,625,studiert an,1,studiert an
389,128,Directed,626,angestellt bei,1,angestellt bei
390,43,Directed,627,studiert an,1,studiert an
390,129,Directed,628,angestellt bei,1,angestellt bei
391,26,Directed,629,studiert an,1,studiert an
391,188,Directed,630,Mitglied von,1,Mitglied von
391,42,Directed,631,angestellt bei,1,angestellt bei
391,44,Directed,632,studiert an,1,studiert an
391,143,Directed,633,Mitglied von,1,Mitglied von
391,174,Directed,634,Mitglied von,1,Mitglied von
392,541,Directed,635,Schüler*in von,1,Schüler*in von
392,45,Directed,636,angestellt bei,1,angestellt bei
392,177,Directed,637,Mitglied von,1,Mitglied von
392,189,Directed,639,Mitglied von,1,Mitglied von
392,190,Directed,640,Mitglied von,1,Mitglied von
392,169,Directed,641,Mitglied von,1,Mitglied von
392,191,Directed,642,Mitglied von,1,Mitglied von
392,192,Directed,643,Mitglied von,1,Mitglied von
392,181,Directed,644,Mitglied von,1,Mitglied von
392,193,Directed,645,Mitglied von,1,Mitglied von
392,194,Directed,646,Mitglied von,1,Mitglied von
393,46,Directed,647,angestellt bei,1,angestellt bei
393,195,Directed,648,Mitglied von,1,Mitglied von
394,427,Directed,651,Schüler*in von,1,Schüler*in von
394,1,Directed,652,studiert an,1,studiert an
394,175,Directed,653,Mitglied von,1,Mitglied von
394,10,Directed,654,angestellt bei,1,angestellt bei
394,47,Directed,655,studiert an,1,studiert an
394,182,Directed,656,Mitglied von,1,Mitglied von
394,196,Directed,657,Mitglied von,1,Mitglied von
394,197,Directed,658,Mitglied von,1,Mitglied von
394,143,Directed,659,Mitglied von,1,Mitglied von
394,542,Directed,660,Schüler*in von,1,Schüler*in von
394,372,Directed,661,Schüler*in von,1,Schüler*in von
395,10,Directed,662,studiert an,1,studiert an
395,198,Directed,663,Mitglied von,1,Mitglied von
395,69,Directed,664,angestellt bei,1,angestellt bei
395,1,Directed,665,studiert an,1,studiert an
395,48,Directed,666,studiert an,1,studiert an
395,49,Directed,667,studiert an,1,studiert an
395,143,Directed,668,Mitglied von,1,Mitglied von
395,130,Directed,669,angestellt bei,1,angestellt bei
396,1,Directed,670,studiert an,1,studiert an
396,169,Directed,671,Mitglied von,1,Mitglied von
396,12,Directed,672,angestellt bei,1,angestellt bei
396,8,Directed,673,angestellt bei,1,angestellt bei
396,50,Directed,674,studiert an,1,studiert an
396,182,Directed,675,Mitglied von,1,Mitglied von
397,26,Directed,676,angestellt bei,1,angestellt bei
397,30,Directed,677,angestellt bei,1,angestellt bei
397,44,Directed,679,studiert an,1,studiert an
397,192,Directed,680,Mitglied von,1,Mitglied von
397,181,Directed,682,Mitglied von,1,Mitglied von
397,543,Directed,683,Schüler*in von,1,Schüler*in von
398,44,Directed,684,angestellt bei,1,angestellt bei
398,192,Directed,685,Mitglied von,1,Mitglied von
398,131,Directed,686,angestellt bei,1,angestellt bei
399,44,Directed,688,angestellt bei,1,angestellt bei
400,171,Directed,689,Mitglied von,1,Mitglied von
400,12,Directed,690,angestellt bei,1,angestellt bei
400,181,Directed,691,Mitglied von,1,Mitglied von
400,196,Directed,692,Mitglied von,1,Mitglied von
400,174,Directed,693,Mitglied von,1,Mitglied von
401,143,Directed,694,Mitglied von,1,Mitglied von
401,132,Directed,695,angestellt bei,1,angestellt bei
402,26,Directed,696,angestellt bei,1,angestellt bei
404,44,Directed,700,angestellt bei,1,angestellt bei
404,192,Directed,701,Mitglied von,1,Mitglied von
404,12,Directed,702,angestellt bei,1,angestellt bei
404,53,Directed,705,angestellt bei,1,angestellt bei
404,42,Directed,706,angestellt bei,1,angestellt bei
406,197,Directed,707,Mitglied von,1,Mitglied von
406,1,Directed,708,angestellt bei,1,angestellt bei
406,195,Directed,709,Mitglied von,1,Mitglied von
407,52,Directed,710,studiert an,1,studiert an
407,199,Directed,711,Mitglied von,1,Mitglied von
407,26,Directed,712,angestellt bei,1,angestellt bei
407,192,Directed,714,Mitglied von,1,Mitglied von
407,134,Directed,715,angestellt bei,1,angestellt bei
407,111,Directed,716,angestellt bei,1,angestellt bei
407,86,Directed,717,angestellt bei,1,angestellt bei
393,53,Directed,718,studiert an,1,studiert an
393,8,Directed,719,angestellt bei,1,angestellt bei
393,26,Directed,720,studiert an,1,studiert an
393,50,Directed,721,angestellt bei,1,angestellt bei
393,44,Directed,722,studiert an,1,studiert an
393,143,Directed,723,Mitglied von,1,Mitglied von
409,47,Directed,724,studiert an,1,studiert an
409,182,Directed,725,Mitglied von,1,Mitglied von
409,102,Directed,726,angestellt bei,1,angestellt bei
409,54,Directed,727,studiert an,1,studiert an
409,55,Directed,728,studiert an,1,studiert an
409,174,Directed,729,Mitglied von,1,Mitglied von
409,184,Directed,730,Mitglied von,1,Mitglied von
410,15,Directed,731,angestellt bei,1,angestellt bei
410,135,Directed,732,angestellt bei,1,angestellt bei
410,56,Directed,733,studiert an,1,studiert an
412,136,Directed,734,angestellt bei,1,angestellt bei
413,136,Directed,735,angestellt bei,1,angestellt bei
413,137,Directed,736,angestellt bei,1,angestellt bei
415,57,Directed,737,studiert an,1,studiert an
417,11,Directed,738,angestellt bei,1,angestellt bei
418,48,Directed,739,studiert an,1,studiert an
418,197,Directed,740,Mitglied von,1,Mitglied von
418,118,Directed,741,angestellt bei,1,angestellt bei
418,200,Directed,742,Mitglied von,1,Mitglied von
418,138,Directed,743,angestellt bei,1,angestellt bei
418,192,Directed,744,Mitglied von,1,Mitglied von
418,10,Directed,745,angestellt bei,1,angestellt bei
418,139,Directed,746,angestellt bei,1,angestellt bei
418,134,Directed,747,angestellt bei,1,angestellt bei
418,44,Directed,748,angestellt bei,1,angestellt bei
419,140,Directed,749,angestellt bei,1,angestellt bei
419,26,Directed,751,angestellt bei,1,angestellt bei
419,131,Directed,752,angestellt bei,1,angestellt bei
420,131,Directed,753,angestellt bei,1,angestellt bei
421,141,Directed,754,angestellt bei,1,angestellt bei
422,58,Directed,755,studiert an,1,studiert an
422,201,Directed,756,Mitglied von,1,Mitglied von
422,17,Directed,757,angestellt bei,1,angestellt bei
422,59,Directed,758,studiert an,1,studiert an
422,7,Directed,759,angestellt bei,1,angestellt bei
423,25,Directed,760,studiert an,1,studiert an
423,182,Directed,761,Mitglied von,1,Mitglied von
423,88,Directed,762,angestellt bei,1,angestellt bei
423,60,Directed,763,studiert an,1,studiert an
423,61,Directed,764,studiert an,1,studiert an
423,62,Directed,765,studiert an,1,studiert an
423,142,Directed,766,angestellt bei,1,angestellt bei
424,91,Directed,767,angestellt bei,1,angestellt bei
410,63,Directed,768,studiert an,1,studiert an
410,7,Directed,769,angestellt bei,1,angestellt bei
396,196,Directed,770,Mitglied von,1,Mitglied von
396,143,Directed,772,angestellt bei,1,angestellt bei
425,44,Directed,773,studiert an,1,studiert an
425,199,Directed,774,Mitglied von,1,Mitglied von
425,26,Directed,775,angestellt bei,1,angestellt bei
425,30,Directed,776,angestellt bei,1,angestellt bei
425,46,Directed,777,angestellt bei,1,angestellt bei
425,49,Directed,778,studiert an,1,studiert an
426,181,Directed,779,Mitglied von,1,Mitglied von
426,12,Directed,780,angestellt bei,1,angestellt bei
426,197,Directed,782,Mitglied von,1,Mitglied von
426,29,Directed,783,angestellt bei,1,angestellt bei
426,42,Directed,784,angestellt bei,1,angestellt bei
427,200,Directed,785,Mitglied von,1,Mitglied von
427,1,Directed,786,angestellt bei,1,angestellt bei
537,427,Directed,1082,Schüler*in von,1,Schüler*in von
427,197,Directed,788,Mitglied von,1,Mitglied von
427,195,Directed,789,Mitglied von,1,Mitglied von
427,52,Directed,790,angestellt bei,1,angestellt bei
428,26,Directed,792,angestellt bei,1,angestellt bei
428,197,Directed,793,Mitglied von,1,Mitglied von
428,46,Directed,795,angestellt bei,1,angestellt bei
429,200,Directed,796,Mitglied von,1,Mitglied von
429,52,Directed,797,angestellt bei,1,angestellt bei
429,143,Directed,798,Mitglied von,1,Mitglied von
430,44,Directed,799,studiert an,1,studiert an
430,53,Directed,800,studiert an,1,studiert an
431,143,Directed,802,Mitglied von,1,Mitglied von
431,7,Directed,803,angestellt bei,1,angestellt bei
431,1,Directed,804,angestellt bei,1,angestellt bei
431,53,Directed,805,angestellt bei,1,angestellt bei
433,10,Directed,806,angestellt bei,1,angestellt bei
434,26,Directed,807,studiert an,1,studiert an
434,144,Directed,808,angestellt bei,1,angestellt bei
434,50,Directed,809,angestellt bei,1,angestellt bei
435,64,Directed,810,studiert an,1,studiert an
435,192,Directed,811,Mitglied von,1,Mitglied von
435,145,Directed,812,angestellt bei,1,angestellt bei
435,44,Directed,814,angestellt bei,1,angestellt bei
435,146,Directed,815,angestellt bei,1,angestellt bei
393,52,Directed,817,angestellt bei,1,angestellt bei
435,30,Directed,819,angestellt bei,1,angestellt bei
436,65,Directed,820,studiert an,1,studiert an
436,143,Directed,821,Mitglied von,1,Mitglied von
436,10,Directed,822,angestellt bei,1,angestellt bei
436,147,Directed,823,angestellt bei,1,angestellt bei
437,66,Directed,824,studiert an,1,studiert an
438,53,Directed,825,studiert an,1,studiert an
438,26,Directed,826,angestellt bei,1,angestellt bei
439,397,Directed,827,Schüler*in von,1,Schüler*in von
439,596,Directed,828,Schüler*in von,1,Schüler*in von
439,544,Directed,829,Schüler*in von,1,Schüler*in von
439,545,Directed,830,Schüler*in von,1,Schüler*in von
439,546,Directed,831,Schüler*in von,1,Schüler*in von
440,0,Directed,832,studiert an,1,studiert an
440,55,Directed,833,angestellt bei,1,angestellt bei
440,9,Directed,834,angestellt bei,1,angestellt bei
441,44,Directed,835,studiert an,1,studiert an
441,52,Directed,836,angestellt bei,1,angestellt bei
538,441,Directed,1083,Schüler*in von,1,Schüler*in von
441,19,Directed,838,angestellt bei,1,angestellt bei
442,25,Directed,839,studiert an,1,studiert an
442,7,Directed,840,angestellt bei,1,angestellt bei
442,12,Directed,841,studiert an,1,studiert an
443,8,Directed,842,studiert an,1,studiert an
443,12,Directed,843,angestellt bei,1,angestellt bei
444,67,Directed,844,studiert an,1,studiert an
444,68,Directed,845,studiert an,1,studiert an
445,69,Directed,846,angestellt bei,1,angestellt bei
445,143,Directed,847,Mitglied von,1,Mitglied von
445,47,Directed,849,studiert an,1,studiert an
445,148,Directed,850,angestellt bei,1,angestellt bei
446,70,Directed,851,angestellt bei,1,angestellt bei
446,170,Directed,852,Mitglied von,1,Mitglied von
446,55,Directed,853,angestellt bei,1,angestellt bei
446,9,Directed,855,angestellt bei,1,angestellt bei
446,149,Directed,858,angestellt bei,1,angestellt bei
447,26,Directed,862,studiert an,1,studiert an
447,24,Directed,863,angestellt bei,1,angestellt bei
447,44,Directed,864,studiert an,1,studiert an
448,9,Directed,865,angestellt bei,1,angestellt bei
448,150,Directed,866,angestellt bei,1,angestellt bei
449,143,Directed,867,Mitglied von,1,Mitglied von
449,27,Directed,868,angestellt bei,1,angestellt bei
449,195,Directed,870,Mitglied von,1,Mitglied von
449,50,Directed,871,angestellt bei,1,angestellt bei
629,541,Directed,1073,Schüler*in von,1,Schüler*in von
450,168,Directed,873,Mitglied von,1,Mitglied von
450,9,Directed,874,angestellt bei,1,angestellt bei
451,449,Directed,875,Schüler*in von,1,Schüler*in von
451,27,Directed,876,angestellt bei,1,angestellt bei
451,50,Directed,878,studiert an,1,studiert an
451,151,Directed,879,angestellt bei,1,angestellt bei
451,547,Directed,880,Schüler*in von,1,Schüler*in von
451,52,Directed,881,angestellt bei,1,angestellt bei
451,548,Directed,882,Schüler*in von,1,Schüler*in von
452,55,Directed,883,angestellt bei,1,angestellt bei
452,9,Directed,885,angestellt bei,1,angestellt bei
452,71,Directed,886,angestellt bei,1,angestellt bei
453,9,Directed,889,angestellt bei,1,angestellt bei
453,170,Directed,890,Mitglied von,1,Mitglied von
454,44,Directed,892,studiert an,1,studiert an
454,64,Directed,893,angestellt bei,1,angestellt bei
454,203,Directed,894,Mitglied von,1,Mitglied von
454,35,Directed,895,angestellt bei,1,angestellt bei
455,170,Directed,896,Mitglied von,1,Mitglied von
455,74,Directed,897,angestellt bei,1,angestellt bei
455,171,Directed,898,Mitglied von,1,Mitglied von
455,176,Directed,899,Mitglied von,1,Mitglied von
455,204,Directed,900,Mitglied von,1,Mitglied von
456,12,Directed,901,angestellt bei,1,angestellt bei
457,72,Directed,902,studiert an,1,studiert an
457,205,Directed,903,Mitglied von,1,Mitglied von
458,26,Directed,904,studiert an,1,studiert an
458,143,Directed,905,Mitglied von,1,Mitglied von
458,29,Directed,906,angestellt bei,1,angestellt bei
458,42,Directed,908,angestellt bei,1,angestellt bei
459,73,Directed,909,studiert an,1,studiert an
460,74,Directed,910,studiert an,1,studiert an
460,150,Directed,911,angestellt bei,1,angestellt bei
461,35,Directed,912,angestellt bei,1,angestellt bei
461,75,Directed,914,studiert an,1,studiert an
462,12,Directed,915,angestellt bei,1,angestellt bei
462,181,Directed,916,Mitglied von,1,Mitglied von
462,196,Directed,918,Mitglied von,1,Mitglied von
409,96,Directed,919,Mitglied von,1,Mitglied von
409,206,Directed,920,Mitglied von,1,Mitglied von
409,170,Directed,921,Mitglied von,1,Mitglied von
410,12,Directed,923,angestellt bei,1,angestellt bei
466,24,Directed,924,angestellt bei,1,angestellt bei
467,76,Directed,925,studiert an,1,studiert an
468,77,Directed,926,studiert an,1,studiert an
468,25,Directed,927,angestellt bei,1,angestellt bei
470,78,Directed,928,studiert an,1,studiert an
470,174,Directed,929,Mitglied von,1,Mitglied von
470,114,Directed,930,angestellt bei,1,angestellt bei
470,79,Directed,931,studiert an,1,studiert an
470,207,Directed,932,Mitglied von,1,Mitglied von
470,18,Directed,933,angestellt bei,1,angestellt bei
471,12,Directed,934,angestellt bei,1,angestellt bei
472,80,Directed,935,studiert an,1,studiert an
473,47,Directed,936,studiert an,1,studiert an
474,174,Directed,937,Mitglied von,1,Mitglied von
474,83,Directed,938,angestellt bei,1,angestellt bei
474,39,Directed,939,studiert an,1,studiert an
474,72,Directed,940,angestellt bei,1,angestellt bei
475,57,Directed,941,studiert an,1,studiert an
475,114,Directed,942,angestellt bei,1,angestellt bei
475,78,Directed,943,angestellt bei,1,angestellt bei
476,208,Directed,944,Mitglied von,1,Mitglied von
476,12,Directed,945,angestellt bei,1,angestellt bei
477,15,Directed,946,studiert an,1,studiert an
477,152,Directed,947,angestellt bei,1,angestellt bei
477,81,Directed,948,studiert an,1,studiert an
477,142,Directed,949,angestellt bei,1,angestellt bei
478,82,Directed,950,studiert an,1,studiert an
478,119,Directed,951,angestellt bei,1,angestellt bei
478,153,Directed,952,angestellt bei,1,angestellt bei
479,80,Directed,953,angestellt bei,1,angestellt bei
480,35,Directed,954,angestellt bei,1,angestellt bei
481,549,Directed,955,Schüler*in von,1,Schüler*in von
481,83,Directed,956,studiert an,1,studiert an
481,151,Directed,957,angestellt bei,1,angestellt bei
481,27,Directed,958,studiert an,1,studiert an
481,50,Directed,959,angestellt bei,1,angestellt bei
481,393,Directed,960,Schüler*in von,1,Schüler*in von
482,50,Directed,961,angestellt bei,1,angestellt bei
484,192,Directed,962,Mitglied von,1,Mitglied von
486,76,Directed,963,studiert an,1,studiert an
486,84,Directed,964,studiert an,1,studiert an
488,191,Directed,965,Mitglied von,1,Mitglied von
488,154,Directed,966,angestellt bei,1,angestellt bei
491,85,Directed,967,angestellt bei,1,angestellt bei
492,114,Directed,969,angestellt bei,1,angestellt bei
495,86,Directed,970,studiert an,1,studiert an
500,154,Directed,972,angestellt bei,1,angestellt bei
502,155,Directed,973,angestellt bei,1,angestellt bei
502,156,Directed,974,angestellt bei,1,angestellt bei
503,26,Directed,975,studiert an,1,studiert an
503,157,Directed,976,angestellt bei,1,angestellt bei
503,44,Directed,977,studiert an,1,studiert an
503,30,Directed,978,studiert an,1,studiert an
504,175,Directed,979,Mitglied von,1,Mitglied von
504,5,Directed,980,angestellt bei,1,angestellt bei
504,182,Directed,981,Mitglied von,1,Mitglied von
504,174,Directed,982,Mitglied von,1,Mitglied von
504,210,Directed,983,Mitglied von,1,Mitglied von
504,8,Directed,984,angestellt bei,1,angestellt bei
505,158,Directed,985,angestellt bei,1,angestellt bei
506,102,Directed,986,angestellt bei,1,angestellt bei
506,2,Directed,987,angestellt bei,1,angestellt bei
506,159,Directed,988,angestellt bei,1,angestellt bei
507,87,Directed,989,studiert an,1,studiert an
507,160,Directed,990,angestellt bei,1,angestellt bei
508,0,Directed,991,studiert an,1,studiert an
508,170,Directed,992,Mitglied von,1,Mitglied von
508,55,Directed,993,angestellt bei,1,angestellt bei
508,9,Directed,994,angestellt bei,1,angestellt bei
509,9,Directed,995,studiert an,1,studiert an
510,161,Directed,996,angestellt bei,1,angestellt bei
512,15,Directed,997,studiert an,1,studiert an
512,129,Directed,998,angestellt bei,1,angestellt bei
512,43,Directed,999,studiert an,1,studiert an
512,88,Directed,1000,studiert an,1,studiert an
512,89,Directed,1001,studiert an,1,studiert an
512,90,Directed,1002,studiert an,1,studiert an
513,91,Directed,1003,studiert an,1,studiert an
513,83,Directed,1004,angestellt bei,1,angestellt bei
514,92,Directed,1005,studiert an,1,studiert an
514,35,Directed,1006,angestellt bei,1,angestellt bei
516,31,Directed,1007,studiert an,1,studiert an
516,174,Directed,1008,Mitglied von,1,Mitglied von
516,65,Directed,1009,angestellt bei,1,angestellt bei
516,78,Directed,1010,studiert an,1,studiert an
517,19,Directed,1011,angestellt bei,1,angestellt bei
517,93,Directed,1013,studiert an,1,studiert an
517,94,Directed,1014,studiert an,1,studiert an
518,36,Directed,1015,studiert an,1,studiert an
518,78,Directed,1016,angestellt bei,1,angestellt bei
468,44,Directed,1017,studiert an,1,studiert an
468,95,Directed,1018,studiert an,1,studiert an
519,31,Directed,1019,studiert an,1,studiert an
519,211,Directed,1020,Mitglied von,1,Mitglied von
519,162,Directed,1021,angestellt bei,1,angestellt bei
520,96,Directed,1022,studiert an,1,studiert an
520,83,Directed,1023,angestellt bei,1,angestellt bei
521,97,Directed,1024,studiert an,1,studiert an
521,212,Directed,1025,Mitglied von,1,Mitglied von
521,131,Directed,1026,angestellt bei,1,angestellt bei
521,98,Directed,1027,studiert an,1,studiert an
521,163,Directed,1028,angestellt bei,1,angestellt bei
451,393,Directed,1029,Schüler*in von,1,Schüler*in von
450,170,Directed,1030,Mitglied von,1,Mitglied von
522,1,Directed,1031,studiert an,1,studiert an
522,212,Directed,1032,Mitglied von,1,Mitglied von
522,12,Directed,1033,angestellt bei,1,angestellt bei
522,44,Directed,1034,studiert an,1,studiert an
522,143,Directed,1035,Mitglied von,1,Mitglied von
522,131,Directed,1036,angestellt bei,1,angestellt bei
522,164,Directed,1037,angestellt bei,1,angestellt bei
523,80,Directed,1038,angestellt bei,1,angestellt bei
524,5,Directed,1039,angestellt bei,1,angestellt bei
524,136,Directed,1041,angestellt bei,1,angestellt bei
524,105,Directed,1042,angestellt bei,1,angestellt bei
525,407,Directed,1043,Schüler*in von,1,Schüler*in von
525,46,Directed,1044,studiert an,1,studiert an
525,212,Directed,1045,Mitglied von,1,Mitglied von
525,132,Directed,1046,angestellt bei,1,angestellt bei
527,25,Directed,1047,studiert an,1,studiert an
527,12,Directed,1048,angestellt bei,1,angestellt bei
527,91,Directed,1049,studiert an,1,studiert an
528,99,Directed,1050,studiert an,1,studiert an
528,165,Directed,1051,angestellt bei,1,angestellt bei
530,191,Directed,1052,Mitglied von,1,Mitglied von
530,80,Directed,1053,angestellt bei,1,angestellt bei
530,208,Directed,1054,Mitglied von,1,Mitglied von
531,100,Directed,1055,studiert an,1,studiert an
531,174,Directed,1056,Mitglied von,1,Mitglied von
531,19,Directed,1057,angestellt bei,1,angestellt bei
531,166,Directed,1058,angestellt bei,1,angestellt bei
532,101,Directed,1059,angestellt bei,1,angestellt bei
532,40,Directed,1061,angestellt bei,1,angestellt bei
533,18,Directed,1062,studiert an,1,studiert an
533,213,Directed,1063,Mitglied von,1,Mitglied von
534,9,Directed,1064,studiert an,1,studiert an
507,43,Directed,1065,angestellt bei,1,angestellt bei
507,167,Directed,1066,angestellt bei,1,angestellt bei
507,150,Directed,1067,angestellt bei,1,angestellt bei
507,28,Directed,1068,angestellt bei,1,angestellt bei
713,44,Directed,1069,angestellt bei,1,angestellt bei
713,715,Directed,1070,angestellt bei,1,angestellt bei
714,716,Directed,1071,studiert an,1,studiert an
717,119,Directed,1085,studiert an,1,studiert an
717,718,Directed,1086,Mitglied von,1,Mitglied von
717,147,Directed,1087,angestellt bei,1,angestellt bei
719,753,Directed,1088,studiert an,1,studiert an
719,87,Directed,1089,studiert an,1,studiert an
719,13,Directed,1090,studiert an,1,studiert an
719,216,Directed,1091,Mitglied von,1,Mitglied von
719,126,Directed,1092,angestellt bei,1,angestellt bei
720,10,Directed,1093,studiert an,1,studiert an
720,151,Directed,1094,studiert an,1,studiert an
720,52,Directed,1095,angestellt bei,1,angestellt bei
721,131,Directed,1096,studiert an,1,studiert an
721,143,Directed,1097,angestellt bei,1,angestellt bei
721,10,Directed,1098,angestellt bei,1,angestellt bei
722,723,Directed,1099,angestellt bei,1,angestellt bei
724,143,Directed,1100,Mitglied von,1,Mitglied von
725,118,Directed,1101,studiert an,1,studiert an
725,222,Directed,1102,studiert an,1,studiert an
725,26,Directed,1103,angestellt bei,1,angestellt bei
725,132,Directed,1104,angestellt bei,1,angestellt bei
726,143,Directed,1105,Mitglied von,1,Mitglied von
726,727,Directed,1106,angestellt bei,1,angestellt bei
728,136,Directed,1107,studiert an,1,studiert an
728,175,Directed,1108,Mitglied von,1,Mitglied von
728,729,Directed,1109,angestellt bei,1,angestellt bei
728,136,Directed,1110,angestellt bei,1,angestellt bei
730,76,Directed,1111,studiert an,1,studiert an
730,731,Directed,1112,studiert an,1,studiert an
730,732,Directed,1113,studiert an,1,studiert an
730,17,Directed,1114,studiert an,1,studiert an
730,181,Directed,1115,Mitglied von,1,Mitglied von
730,228,Directed,1116,angestellt bei,1,angestellt bei
733,734,Directed,1117,studiert an,1,studiert an
733,25,Directed,1118,studiert an,1,studiert an
733,735,Directed,1119,angestellt bei,1,angestellt bei
733,736,Directed,1120,angestellt bei,1,angestellt bei
733,35,Directed,1121,angestellt bei,1,angestellt bei
733,223,Directed,1122,angestellt bei,1,angestellt bei
733,737,Directed,1123,angestellt bei,1,angestellt bei
738,71,Directed,1124,studiert an,1,studiert an
738,9,Directed,1125,studiert an,1,studiert an
738,2,Directed,1126,studiert an,1,studiert an
738,150,Directed,1127,angestellt bei,1,angestellt bei
740,741,Directed,1128,studiert an,1,studiert an
740,114,Directed,1129,angestellt bei,1,angestellt bei
742,25,Directed,1130,studiert an,1,studiert an
742,196,Directed,1131,Mitglied von,1,Mitglied von
742,716,Directed,1132,angestellt bei,1,angestellt bei
743,50,Directed,1133,studiert an,1,studiert an
743,744,Directed,1134,Mitglied von,1,Mitglied von
743,10,Directed,1135,angestellt bei,1,angestellt bei
743,131,Directed,1136,angestellt bei,1,angestellt bei
749,750,Directed,1137,studiert an,1,studiert an
749,25,Directed,1138,studiert an,1,studiert an
749,10,Directed,1139,studiert an,1,studiert an
749,751,Directed,1140,angestellt bei,1,angestellt bei
749,752,Directed,1141,angestellt bei,1,angestellt bei
